employee_id,department,level,location,gender,tenure_years,performance_rating,salary_vnd,salary_midpoint_vnd,compa_ratio,bonus_vnd,merit_increase_vnd,pay_equity_flag
EMP0001,Operations,L1 Analyst,Ho Chi Minh City,Female,2.9,5,15444199,18489600,0.835,1611555,1226144,Review
EMP0002,Product,L1 Analyst,Ha Noi,Female,4.2,4,28181448,24480000,1.151,2018164,1519267,In Range
EMP0003,Finance,L1 Analyst,Da Nang,Male,2.5,5,21171544,20088000,1.054,2473466,1492681,In Range
EMP0004,Product,L4 Senior,Ha Noi,Male,2.9,5,45571960,52700000,0.865,5419724,3778148,Review
EMP0005,Finance,L3 Specialist,Da Nang,Male,3.0,3,31857665,32922000,0.968,1345499,616652,In Range
EMP0006,Engineering,L1 Analyst,Ho Chi Minh City,Male,1.9,3,34926455,32356800,1.079,1455541,1184815,In Range
EMP0007,Operations,L3 Specialist,Ho Chi Minh City,Male,4.3,5,33088400,30302400,1.092,4367668,2747583,In Range
EMP0008,Operations,L4 Senior,Da Nang,Female,5.0,3,34122320,33480000,1.019,1374262,1161164,In Range
EMP0009,Finance,L2 Associate,Ha Noi,Female,5.2,3,26741732,28520000,0.938,1100842,736554,In Range
EMP0010,Engineering,L3 Specialist,Remote,Female,4.6,4,63336231,47082000,1.345,4325198,3479759,Review
EMP0011,Finance,L2 Associate,Ho Chi Minh City,Female,3.6,5,21729630,30516400,0.712,3108184,1484351,Review
EMP0012,Operations,L3 Specialist,Ha Noi,Female,2.2,4,30863170,28320000,1.09,2426207,1967621,In Range
EMP0013,Finance,L2 Associate,Ha Noi,Female,4.6,5,30334444,28520000,1.064,4002553,2561507,In Range
EMP0014,Engineering,L4 Senior,Ha Noi,Male,1.9,4,71438905,65100000,1.097,4685271,4506771,In Range
EMP0015,Finance,L4 Senior,Ho Chi Minh City,Female,3.2,5,53675122,51413500,1.044,6671792,3750213,In Range
EMP0016,Operations,L4 Senior,Ho Chi Minh City,Female,2.9,4,38964667,39804000,0.979,3027326,1703479,In Range
EMP0017,Sales,L3 Specialist,Ho Chi Minh City,Female,7.4,5,30514962,34090200,0.895,3841187,2174713,In Range
EMP0018,Engineering,L2 Associate,Ha Noi,Female,3.3,4,39409578,38640000,1.02,3577959,1572960,In Range
EMP0019,Engineering,L3 Specialist,Ho Chi Minh City,Female,7.7,5,45554847,53029200,0.859,6342646,4090935,Review
EMP0020,Engineering,L1 Analyst,Ho Chi Minh City,Female,0.2,4,32929460,32356800,1.018,2538158,1552992,In Range
EMP0021,Finance,L2 Associate,Ho Chi Minh City,Female,3.1,3,30062371,30516400,0.985,1746072,767589,In Range
EMP0022,Finance,L3 Specialist,Ho Chi Minh City,Male,4.8,4,48788907,39140600,1.247,4413487,2073060,Review
EMP0023,Sales,L1 Analyst,Ho Chi Minh City,Female,2.3,3,22000187,20800800,1.058,1201249,566178,In Range
EMP0024,Sales,L5 Manager,Remote,Male,3.0,3,49293823,52582500,0.937,2919069,1372639,In Range
EMP0025,Sales,L3 Specialist,Ho Chi Minh City,Male,0.2,3,33958760,34090200,0.996,2004228,657506,In Range
EMP0026,Engineering,L3 Specialist,Ha Noi,Female,6.4,3,54972865,49560000,1.109,2500200,1534976,In Range
EMP0027,Sales,L5 Manager,Ho Chi Minh City,Male,1.6,3,51512280,59224500,0.87,2189268,1204100,Review
EMP0028,Operations,L1 Analyst,Ho Chi Minh City,Male,5.1,5,19751302,18489600,1.068,2237033,1840782,In Range
EMP0029,Finance,L4 Senior,Ho Chi Minh City,Female,3.8,4,49174851,51413500,0.956,4652776,2736942,In Range
EMP0030,Product,L4 Senior,Ho Chi Minh City,Male,0.4,5,58430880,56389000,1.036,6155798,4846084,In Range
EMP0031,Engineering,L3 Specialist,Ha Noi,Female,4.0,4,48628833,49560000,0.981,4481638,2958812,In Range
EMP0032,Product,L2 Associate,Ho Chi Minh City,Female,3.6,3,28273583,33469600,0.845,1513507,774090,Review
EMP0033,Sales,L1 Analyst,Ho Chi Minh City,Male,5.4,4,19169511,20800800,0.922,1581011,805091,In Range
EMP0034,Product,L2 Associate,Remote,Male,6.1,3,24343434,29716000,0.819,1003880,480722,Review
EMP0035,Finance,L4 Senior,Ho Chi Minh City,Male,5.9,5,62176753,51413500,1.209,9252541,5589120,Review
EMP0036,Finance,L1 Analyst,Ha Noi,Female,6.6,5,20458463,22320000,0.917,2875181,1538553,In Range
EMP0037,Finance,L1 Analyst,Da Nang,Male,3.9,3,24096776,20088000,1.2,1027240,759551,Review
EMP0038,Engineering,L1 Analyst,Ho Chi Minh City,Female,6.8,3,24485479,32356800,0.757,1457590,663940,Review
EMP0039,HR,L1 Analyst,Remote,Female,1.6,5,17012573,17100000,0.995,2070910,1491504,In Range
EMP0040,Engineering,L3 Specialist,Ha Noi,Female,4.2,4,49234524,49560000,0.993,3202742,3101309,In Range
EMP0041,Sales,L3 Specialist,Ha Noi,Male,2.7,4,32865632,31860000,1.032,2461833,1527454,In Range
EMP0042,Finance,L3 Specialist,Ho Chi Minh City,Female,1.4,3,41518684,39140600,1.061,1585274,1044095,In Range
EMP0043,HR,L3 Specialist,Remote,Male,2.4,2,31712238,28025000,1.132,499096,204491,In Range
EMP0044,Sales,L3 Specialist,Ho Chi Minh City,Female,3.7,5,37369892,34090200,1.096,3895429,3061237,In Range
EMP0045,Operations,L2 Associate,Da Nang,Male,2.0,4,20103132,19872000,1.012,1321434,896816,In Range
EMP0046,Sales,L4 Senior,Ho Chi Minh City,Female,4.6,4,47227602,44779500,1.055,3770242,2105764,In Range
EMP0047,Operations,L1 Analyst,Da Nang,Male,4.9,3,16669452,15552000,1.072,982650,446829,In Range
EMP0048,Product,L2 Associate,Da Nang,Female,4.2,5,23793764,28152000,0.845,3087779,2228311,Review
EMP0049,HR,L3 Specialist,Ha Noi,Female,4.5,5,25924135,29500000,0.879,3556345,2095090,Review
EMP0050,Engineering,L2 Associate,Ha Noi,Male,0.3,3,37843782,38640000,0.979,1397839,865010,In Range
EMP0051,Engineering,L2 Associate,Ha Noi,Female,3.6,4,44644149,38640000,1.155,3628602,2197649,In Range
EMP0052,Engineering,L2 Associate,Remote,Male,4.0,4,40982424,36708000,1.116,3131526,1563856,In Range
EMP0053,Engineering,L3 Specialist,Da Nang,Male,0.4,3,44507738,44604000,0.998,2229006,968006,In Range
EMP0054,Engineering,L2 Associate,Ho Chi Minh City,Female,0.6,4,38314058,41344800,0.927,3027642,1587963,In Range
EMP0055,Operations,L1 Analyst,Ho Chi Minh City,Male,6.2,3,18984128,18489600,1.027,883568,357943,In Range
EMP0056,Engineering,L1 Analyst,Ho Chi Minh City,Male,0.7,4,36449314,32356800,1.126,2645059,1465680,In Range
EMP0057,Product,L3 Specialist,Remote,Female,1.1,4,32196734,38114000,0.845,2821303,2048985,Review
EMP0058,Engineering,L1 Analyst,Ho Chi Minh City,Female,1.9,3,27410496,32356800,0.847,1074347,776353,Review
EMP0059,Operations,L1 Analyst,Da Nang,Male,0.2,3,17012148,15552000,1.094,883503,583328,In Range
EMP0060,Sales,L3 Specialist,Ho Chi Minh City,Male,3.5,4,39264899,34090200,1.152,3553819,2128594,In Range
EMP0061,Product,L5 Manager,Da Nang,Female,5.4,3,57099110,62730000,0.91,2485569,1852454,In Range
EMP0062,Finance,L1 Analyst,Remote,Male,5.0,4,20542936,21204000,0.969,1787520,1316140,In Range
EMP0063,Engineering,L4 Senior,Ha Noi,Female,1.0,3,62057400,65100000,0.953,3493387,1993434,In Range
EMP0064,Product,L4 Senior,Ho Chi Minh City,Female,1.6,2,52519888,56389000,0.931,1419038,143253,In Range
EMP0065,Engineering,L4 Senior,Ho Chi Minh City,Male,2.7,2,63782900,69657000,0.916,1847233,81910,In Range
EMP0066,Operations,L2 Associate,Da Nang,Male,1.7,4,17856423,19872000,0.899,1210516,785381,In Range
EMP0067,Operations,L2 Associate,Ha Noi,Female,1.0,4,21586287,22080000,0.978,1617325,1229924,In Range
EMP0068,Engineering,L2 Associate,Ho Chi Minh City,Female,5.1,4,44248502,41344800,1.07,3518905,2547112,In Range
EMP0069,HR,L3 Specialist,Ho Chi Minh City,Female,4.5,3,31872915,31565000,1.01,1126826,863128,In Range
EMP0070,Engineering,L5 Manager,Ha Noi,Male,4.5,3,93555437,86100000,1.087,5315632,2597014,In Range
EMP0071,Sales,L2 Associate,Ho Chi Minh City,Female,1.4,5,20751325,26578800,0.781,2490893,1452597,Review
EMP0072,Operations,L1 Analyst,Ho Chi Minh City,Male,1.0,3,24618601,18489600,1.331,1332139,696889,Review
EMP0073,Finance,L2 Associate,Ha Noi,Female,0.2,5,30711554,28520000,1.077,3540090,2603349,In Range
EMP0074,Operations,L3 Specialist,Remote,Female,3.9,3,31123840,26904000,1.157,1224578,599946,In Range
EMP0075,Product,L2 Associate,Ha Noi,Female,3.6,4,36634574,31280000,1.171,2880245,2072029,Review
EMP0076,HR,L4 Senior,Ha Noi,Male,5.2,4,36934311,38750000,0.953,3118328,2309396,In Range
EMP0077,Finance,L1 Analyst,Ho Chi Minh City,Female,3.2,3,20473099,23882400,0.857,780206,608205,Review
EMP0078,Operations,L5 Manager,Ha Noi,Female,3.7,3,49947409,49200000,1.015,2150638,1111642,In Range
EMP0079,Product,L5 Manager,Da Nang,Male,11.1,4,54458906,62730000,0.868,3980147,2128595,Review
EMP0080,Operations,L2 Associate,Ha Noi,Male,4.4,4,25008664,22080000,1.133,1994485,1011939,In Range
EMP0081,Engineering,L2 Associate,Ha Noi,Male,1.6,3,44373325,38640000,1.148,2601601,1412431,In Range
EMP0082,Sales,L2 Associate,Ho Chi Minh City,Female,5.3,4,25944055,26578800,0.976,2108676,1275350,In Range
EMP0083,Engineering,L2 Associate,Da Nang,Male,3.0,4,36165194,34776000,1.04,3357222,1802080,In Range
EMP0084,Operations,L1 Analyst,Remote,Male,5.7,3,17659775,16416000,1.076,861908,345859,In Range
EMP0085,HR,L4 Senior,Ho Chi Minh City,Female,5.4,4,34220105,41462500,0.825,2746716,1552993,Review
EMP0086,Finance,L5 Manager,Ho Chi Minh City,Male,3.2,3,75857812,67998500,1.116,4322618,2479675,In Range
EMP0087,Engineering,L4 Senior,Ho Chi Minh City,Male,2.0,4,72336757,69657000,1.038,5349786,3895140,In Range
EMP0088,HR,L2 Associate,Ho Chi Minh City,Female,1.7,3,21398911,24610000,0.87,992559,502237,Review
EMP0089,Engineering,L3 Specialist,Ha Noi,Female,2.4,4,57167082,49560000,1.153,4925335,3424768,In Range
EMP0090,Sales,L3 Specialist,Da Nang,Male,2.6,4,28699425,28674000,1.001,2373598,1764495,In Range
EMP0091,Finance,L2 Associate,Ha Noi,Female,2.8,4,25345570,28520000,0.889,1764833,1284418,In Range
EMP0092,HR,L2 Associate,Ha Noi,Male,5.7,4,19029063,23000000,0.827,1453826,885800,Review
EMP0093,Operations,L3 Specialist,Da Nang,Female,5.9,5,27138380,25488000,1.065,4067264,2392593,In Range
EMP0094,Sales,L1 Analyst,Ha Noi,Male,0.2,5,20580415,19440000,1.059,2105367,1841862,In Range
EMP0095,Engineering,L2 Associate,Ho Chi Minh City,Female,0.2,3,38162657,41344800,0.923,1926938,843170,In Range
EMP0096,HR,L1 Analyst,Ho Chi Minh City,Female,5.2,3,23081933,19260000,1.198,1327909,681364,Review
EMP0097,Engineering,L2 Associate,Ho Chi Minh City,Male,3.4,4,38277200,41344800,0.926,3458694,1660421,In Range
EMP0098,Sales,L2 Associate,Ho Chi Minh City,Male,3.9,4,29021936,26578800,1.092,2737881,1618617,In Range
EMP0099,Engineering,L3 Specialist,Ha Noi,Male,3.1,2,44546902,49560000,0.899,1251015,191236,In Range
EMP0100,Finance,L3 Specialist,Ho Chi Minh City,Male,1.7,4,36124639,39140600,0.923,3062482,2190421,In Range
EMP0101,Operations,L4 Senior,Ha Noi,Female,0.2,3,31369307,37200000,0.843,1168611,722024,Review
EMP0102,Operations,L1 Analyst,Ho Chi Minh City,Female,1.6,5,14074085,18489600,0.761,1991816,1054686,Review
EMP0103,Finance,L2 Associate,Da Nang,Male,2.3,3,31098947,25668000,1.212,1197898,1070752,Review
EMP0104,Finance,L3 Specialist,Remote,Male,6.8,4,30255551,34751000,0.871,1979244,1588037,Review
EMP0105,Sales,L3 Specialist,Ha Noi,Male,6.0,4,33421655,31860000,1.049,2406849,1292605,In Range
EMP0106,Finance,L3 Specialist,Remote,Female,2.8,2,38500277,34751000,1.108,617691,235793,In Range
EMP0107,Product,L5 Manager,Ho Chi Minh City,Female,0.2,3,77943166,74579000,1.045,3611972,2291394,In Range
EMP0108,Operations,L5 Manager,Ho Chi Minh City,Male,2.5,3,50368739,52644000,0.957,2379101,1256094,In Range
EMP0109,HR,L1 Analyst,Ho Chi Minh City,Female,3.7,5,19856203,19260000,1.031,2666371,1642119,In Range
EMP0110,HR,L2 Associate,Ho Chi Minh City,Female,2.4,3,26332471,24610000,1.07,1357945,761245,In Range
EMP0111,Sales,L1 Analyst,Da Nang,Female,1.3,3,16370992,17496000,0.936,886144,352331,In Range
EMP0112,Engineering,L4 Senior,Ho Chi Minh City,Female,3.3,4,67923349,69657000,0.975,4925776,2901103,In Range
EMP0113,Operations,L1 Analyst,Ho Chi Minh City,Male,4.1,3,17926900,18489600,0.97,650925,548728,In Range
EMP0114,Sales,L3 Specialist,Ho Chi Minh City,Male,4.4,4,37527788,34090200,1.101,3503687,1469996,In Range
EMP0115,Finance,L4 Senior,Ha Noi,Female,4.8,5,53650091,48050000,1.117,6442349,4642054,In Range
EMP0116,Sales,L4 Senior,Ho Chi Minh City,Female,4.1,4,47421868,44779500,1.059,3983072,2504141,In Range
EMP0117,Engineering,L5 Manager,Ha Noi,Female,2.4,4,82444694,86100000,0.958,7260812,4737493,In Range
EMP0118,Engineering,L2 Associate,Ho Chi Minh City,Female,0.8,3,38732474,41344800,0.937,1768877,1135126,In Range
EMP0119,Engineering,L1 Analyst,Remote,Female,3.7,3,26769624,28728000,0.932,1309283,748744,In Range
EMP0120,Sales,L2 Associate,Ho Chi Minh City,Female,0.2,4,25121800,26578800,0.945,2176347,1611482,In Range
EMP0121,Operations,L2 Associate,Ha Noi,Female,2.4,3,20637938,22080000,0.935,1158497,500440,In Range
EMP0122,Operations,L3 Specialist,Da Nang,Male,7.0,4,24663258,25488000,0.968,2078643,954686,In Range
EMP0123,HR,L4 Senior,Ho Chi Minh City,Female,2.7,3,37713154,41462500,0.91,1325717,1236526,In Range
EMP0124,Sales,L2 Associate,Ho Chi Minh City,Male,6.6,3,27505548,26578800,1.035,1251387,654501,In Range
EMP0125,Engineering,L3 Specialist,Da Nang,Male,3.8,3,45424742,44604000,1.018,2291494,1338098,In Range
EMP0126,Engineering,L3 Specialist,Ho Chi Minh City,Female,2.7,3,60446259,53029200,1.14,3140918,1588090,In Range
EMP0127,Operations,L1 Analyst,Ho Chi Minh City,Male,3.9,2,18044768,18489600,0.976,229975,69162,In Range
EMP0128,Engineering,L1 Analyst,Ha Noi,Female,4.6,3,27894878,30240000,0.922,1557479,884418,In Range
EMP0129,Product,L4 Senior,Ho Chi Minh City,Female,6.9,4,50519759,56389000,0.896,4152825,2887531,In Range
EMP0130,Sales,L1 Analyst,Ho Chi Minh City,Female,4.1,4,17445207,20800800,0.839,1575905,777525,Review
EMP0131,Sales,L3 Specialist,Ho Chi Minh City,Female,2.8,3,32391932,34090200,0.95,1547106,645845,In Range
EMP0132,Sales,L4 Senior,Ho Chi Minh City,Male,4.8,3,36566049,44779500,0.817,1413684,780818,Review
EMP0133,Operations,L4 Senior,Ha Noi,Female,3.6,4,32472006,37200000,0.873,2850922,1627511,Review
EMP0134,HR,L3 Specialist,Ha Noi,Male,5.1,3,26066285,29500000,0.884,956819,665147,In Range
EMP0135,Engineering,L2 Associate,Ho Chi Minh City,Female,2.3,2,44963229,41344800,1.088,1226822,576851,In Range
EMP0136,Operations,L2 Associate,Ho Chi Minh City,Male,2.5,4,25879650,23625600,1.095,2310910,1438898,In Range
EMP0137,Engineering,L2 Associate,Ho Chi Minh City,Female,1.8,3,43224475,41344800,1.045,2284754,1148791,In Range
EMP0138,Engineering,L2 Associate,Ho Chi Minh City,Female,2.0,3,39810520,41344800,0.963,1730132,1121226,In Range
EMP0139,Finance,L3 Specialist,Ho Chi Minh City,Female,5.3,4,37670264,39140600,0.962,3190555,2353309,In Range
EMP0140,Finance,L2 Associate,Ha Noi,Female,6.5,3,33278218,28520000,1.167,1490829,935640,Review
EMP0141,HR,L2 Associate,Ho Chi Minh City,Male,2.5,4,22162384,24610000,0.901,1931745,1252312,In Range
EMP0142,Sales,L3 Specialist,Ho Chi Minh City,Female,0.2,3,34646943,34090200,1.016,2033488,910058,In Range
EMP0143,Engineering,L1 Analyst,Ho Chi Minh City,Male,6.1,4,35983548,32356800,1.112,3292871,1404049,In Range
EMP0144,Engineering,L4 Senior,Ho Chi Minh City,Female,5.3,4,80190272,69657000,1.151,6265282,3936796,In Range
EMP0145,Operations,L2 Associate,Ho Chi Minh City,Female,2.0,4,20577940,23625600,0.871,1528612,1231237,Review
EMP0146,Sales,L4 Senior,Ho Chi Minh City,Male,4.0,5,40887543,44779500,0.913,4869446,3362649,In Range
EMP0147,HR,L4 Senior,Da Nang,Female,3.6,3,29941345,34875000,0.859,1463039,591163,Review
EMP0148,Finance,L4 Senior,Ho Chi Minh City,Male,0.2,3,54058037,51413500,1.051,2483254,1842786,In Range
EMP0149,Engineering,L2 Associate,Ho Chi Minh City,Female,2.5,2,37054348,41344800,0.896,1107573,208382,In Range
EMP0150,Product,L5 Manager,Da Nang,Male,3.5,3,59101574,62730000,0.942,3294561,1763190,In Range
EMP0151,Product,L3 Specialist,Ho Chi Minh City,Female,4.6,4,44662097,42928400,1.04,3638359,2574115,In Range
EMP0152,Sales,L1 Analyst,Ho Chi Minh City,Female,5.3,4,20818019,20800800,1.001,1918472,1126504,In Range
EMP0153,Product,L3 Specialist,Ho Chi Minh City,Female,3.5,3,40297868,42928400,0.939,1830095,1180498,In Range
EMP0154,Product,L5 Manager,Ho Chi Minh City,Female,2.2,4,84978244,74579000,1.139,6518988,4307857,In Range
EMP0155,Operations,L5 Manager,Ho Chi Minh City,Female,3.0,4,47364447,52644000,0.9,3971400,2786476,In Range
EMP0156,Operations,L2 Associate,Ho Chi Minh City,Male,6.0,4,25673847,23625600,1.087,2026660,1457646,In Range
EMP0157,Operations,L4 Senior,Ho Chi Minh City,Male,6.5,3,39450705,39804000,0.991,1577505,738217,In Range
EMP0158,HR,L3 Specialist,Remote,Male,3.8,3,28066512,28025000,1.001,1232803,877761,In Range
EMP0159,Finance,L2 Associate,Ho Chi Minh City,Female,1.8,5,30217041,30516400,0.99,3605867,2849181,In Range
EMP0160,Sales,L2 Associate,Remote,Female,0.2,4,22719633,23598000,0.963,1887402,1367795,In Range
EMP0161,Sales,L2 Associate,Ho Chi Minh City,Male,2.2,3,30303195,26578800,1.14,1583164,726558,In Range
EMP0162,Product,L4 Senior,Ho Chi Minh City,Male,2.3,5,73536029,56389000,1.304,7629514,6266214,Review
EMP0163,Engineering,L4 Senior,Ha Noi,Male,5.0,4,72754775,65100000,1.118,4805014,2896753,In Range
EMP0164,Finance,L2 Associate,Ho Chi Minh City,Male,0.7,5,27412161,30516400,0.898,3251101,2428807,In Range
EMP0165,Sales,L3 Specialist,Ho Chi Minh City,Male,3.2,4,35930457,34090200,1.054,2873406,1740782,In Range
EMP0166,Sales,L2 Associate,Ho Chi Minh City,Female,4.9,5,25657734,26578800,0.965,3659853,2057882,In Range
EMP0167,HR,L2 Associate,Ho Chi Minh City,Male,3.3,4,23550911,24610000,0.957,1576690,1239688,In Range
EMP0168,HR,L4 Senior,Ha Noi,Male,5.0,4,40127884,38750000,1.036,2754413,1742612,In Range
EMP0169,Product,L4 Senior,Ho Chi Minh City,Male,0.8,3,58988088,56389000,1.046,2967025,1148242,In Range
EMP0170,Engineering,L5 Manager,Ha Noi,Female,0.7,4,85093332,86100000,0.988,8013358,4709332,In Range
EMP0171,Sales,L3 Specialist,Ho Chi Minh City,Male,3.8,3,28827993,34090200,0.846,1705366,730920,Review
EMP0172,HR,L1 Analyst,Ho Chi Minh City,Female,4.1,4,20867616,19260000,1.083,1573015,1323099,In Range
EMP0173,HR,L4 Senior,Ho Chi Minh City,Male,2.2,3,40721775,41462500,0.982,1968366,1080908,In Range
EMP0174,Engineering,L5 Manager,Ho Chi Minh City,Male,2.7,4,78546414,92127000,0.853,6433622,4734886,Review
EMP0175,Product,L1 Analyst,Ha Noi,Male,1.1,3,20742668,24480000,0.847,1057353,548989,Review
EMP0176,Operations,L2 Associate,Remote,Female,4.3,3,17673900,20976000,0.843,650829,336131,Review
EMP0177,Sales,L2 Associate,Ho Chi Minh City,Male,1.9,4,30877891,26578800,1.162,2804433,1986532,Review
EMP0178,Product,L2 Associate,Ha Noi,Female,1.6,3,31847668,31280000,1.018,1191749,730382,In Range
EMP0179,Sales,L3 Specialist,Ho Chi Minh City,Male,4.2,4,36906865,34090200,1.083,2745186,2162900,In Range
EMP0180,Sales,L3 Specialist,Ho Chi Minh City,Female,8.2,4,34878234,34090200,1.023,2636336,1372967,In Range
EMP0181,Sales,L4 Senior,Ha Noi,Female,2.9,4,42953456,41850000,1.026,3929110,2475954,In Range
EMP0182,Operations,L2 Associate,Ho Chi Minh City,Male,4.1,2,26727093,23625600,1.131,536817,306454,In Range
EMP0183,Engineering,L5 Manager,Ha Noi,Female,5.3,4,80912883,86100000,0.94,7091930,3509561,In Range
EMP0184,Sales,L2 Associate,Ho Chi Minh City,Female,7.4,3,22870601,26578800,0.86,1147110,612100,Review
EMP0185,Engineering,L3 Specialist,Ho Chi Minh City,Male,3.1,3,48121095,53029200,0.907,2680693,1301665,In Range
EMP0186,Operations,L2 Associate,Da Nang,Female,0.5,4,14448578,19872000,0.727,1284517,832003,Review
EMP0187,Operations,L1 Analyst,Ho Chi Minh City,Male,3.9,4,15045517,18489600,0.814,1303574,808774,Review
EMP0188,Engineering,L3 Specialist,Ha Noi,Male,5.1,2,56156282,49560000,1.133,1626516,92570,In Range
EMP0189,Product,L2 Associate,Ho Chi Minh City,Male,0.2,5,36864069,33469600,1.101,5295187,3239157,In Range
EMP0190,Product,L1 Analyst,Ho Chi Minh City,Female,1.9,3,23197068,26193600,0.886,912330,777244,In Range
EMP0191,Engineering,L2 Associate,Da Nang,Male,1.2,4,30167318,34776000,0.867,2134879,1347152,Review
EMP0192,Sales,L2 Associate,Remote,Female,2.9,4,24537728,23598000,1.04,2282279,1459405,In Range
EMP0193,Engineering,L1 Analyst,Ha Noi,Female,5.0,5,31701231,30240000,1.048,4445489,2404292,In Range
EMP0194,Engineering,L3 Specialist,Ho Chi Minh City,Female,3.1,3,56172598,53029200,1.059,2943685,1142193,In Range
EMP0195,Operations,L3 Specialist,Ho Chi Minh City,Male,2.0,4,29593842,30302400,0.977,2290535,1697759,In Range
EMP0196,Product,L4 Senior,Ho Chi Minh City,Male,2.7,5,44296109,56389000,0.786,6375095,3583161,Review
EMP0197,Engineering,L5 Manager,Ho Chi Minh City,Male,5.9,5,103330939,92127000,1.122,13097983,9043955,In Range
EMP0198,HR,L4 Senior,Ho Chi Minh City,Male,4.7,3,55137247,41462500,1.33,2477033,1456810,Review
EMP0199,HR,L5 Manager,Remote,Male,0.2,2,46364908,48687500,0.952,1375178,197905,In Range
EMP0200,HR,L3 Specialist,Ho Chi Minh City,Male,2.8,4,29338132,31565000,0.929,2006124,1243566,In Range
EMP0201,Sales,L2 Associate,Ho Chi Minh City,Male,3.5,4,22098406,26578800,0.831,1552741,1350565,Review
EMP0202,HR,L4 Senior,Ha Noi,Female,1.7,4,39684899,38750000,1.024,2964781,1773807,In Range
EMP0203,Engineering,L2 Associate,Da Nang,Male,4.3,3,34677623,34776000,0.997,1780421,1032598,In Range
EMP0204,Product,L1 Analyst,Ho Chi Minh City,Female,2.9,4,29745940,26193600,1.136,2210996,1224647,In Range
EMP0205,HR,L2 Associate,Ha Noi,Female,1.2,3,25399626,23000000,1.104,1273625,636753,In Range
EMP0206,Sales,L2 Associate,Ha Noi,Male,6.1,3,24912951,24840000,1.003,1415763,483107,In Range
EMP0207,Sales,L3 Specialist,Ho Chi Minh City,Male,6.7,2,29837957,34090200,0.875,640145,67069,Review
EMP0208,Engineering,L3 Specialist,Ho Chi Minh City,Female,2.5,4,57991601,53029200,1.094,5176375,2913653,In Range
EMP0209,Sales,L2 Associate,Ho Chi Minh City,Female,4.4,3,21857412,26578800,0.822,1081019,410262,Review
EMP0210,Engineering,L1 Analyst,Remote,Male,0.2,2,29462072,28728000,1.026,535542,339833,In Range
EMP0211,Operations,L5 Manager,Ha Noi,Female,3.0,5,41120857,49200000,0.836,5976438,3213284,Review
EMP0212,Operations,L3 Specialist,Ha Noi,Male,6.1,3,30000114,28320000,1.059,1446637,911211,In Range
EMP0213,Engineering,L1 Analyst,Ho Chi Minh City,Female,5.5,4,27294138,32356800,0.844,2448306,1219579,Review
EMP0214,Engineering,L2 Associate,Remote,Male,6.1,3,41495428,36708000,1.13,2247033,1370339,In Range
EMP0215,Product,L1 Analyst,Ho Chi Minh City,Female,0.5,2,23604406,26193600,0.901,585645,142429,In Range
EMP0216,Engineering,L1 Analyst,Da Nang,Female,1.5,4,26435197,27216000,0.971,2192470,1484557,In Range
EMP0217,Engineering,L2 Associate,Ho Chi Minh City,Male,1.4,3,40841528,41344800,0.988,2397929,1345938,In Range
EMP0218,HR,L3 Specialist,Ho Chi Minh City,Female,3.9,5,36399792,31565000,1.153,5070135,2788436,In Range
EMP0219,Sales,L1 Analyst,Ho Chi Minh City,Male,2.1,3,21931888,20800800,1.054,1155578,695201,In Range
EMP0220,HR,L3 Specialist,Remote,Male,1.8,3,28118239,28025000,1.003,1438744,946962,In Range
EMP0221,Finance,L1 Analyst,Ha Noi,Female,4.6,3,20780301,22320000,0.931,1181163,440517,In Range
EMP0222,Operations,L3 Specialist,Ha Noi,Female,0.7,5,24428012,28320000,0.863,2461530,2279214,Review
EMP0223,HR,L1 Analyst,Remote,Female,7.8,3,16091660,17100000,0.941,931356,440676,In Range
EMP0224,Finance,L2 Associate,Ha Noi,Female,2.3,3,24852651,28520000,0.871,931110,861950,Review
EMP0225,Sales,L4 Senior,Remote,Female,3.0,3,35827758,39757500,0.901,1384674,803730,In Range
EMP0226,HR,L3 Specialist,Ho Chi Minh City,Female,2.2,4,34540667,31565000,1.094,2762530,1923031,In Range
EMP0227,Operations,L2 Associate,Da Nang,Male,1.7,3,17898630,19872000,0.901,982176,373679,In Range
EMP0228,Operations,L2 Associate,Remote,Male,2.7,2,20351655,20976000,0.97,548150,288542,In Range
EMP0229,Operations,L4 Senior,Ho Chi Minh City,Male,3.6,2,46619540,39804000,1.171,937736,260977,Review
EMP0230,Operations,L3 Specialist,Ha Noi,Female,3.0,4,28347358,28320000,1.001,1852657,1482405,In Range
EMP0231,Engineering,L5 Manager,Ho Chi Minh City,Male,1.5,5,75821144,92127000,0.823,7987820,5353009,Review
EMP0232,Engineering,L1 Analyst,Ha Noi,Male,3.0,3,33565396,30240000,1.11,1515501,926574,In Range
EMP0233,HR,L2 Associate,Ha Noi,Male,0.8,4,18886397,23000000,0.821,1280592,911082,Review
EMP0234,Sales,L1 Analyst,Ho Chi Minh City,Female,1.0,4,19718429,20800800,0.948,1338109,1030491,In Range
EMP0235,Product,L1 Analyst,Da Nang,Male,1.5,3,22944165,22032000,1.041,1333965,763772,In Range
EMP0236,Sales,L1 Analyst,Remote,Female,3.4,5,14977158,18468000,0.811,2031435,1179511,Review
EMP0237,Product,L1 Analyst,Ho Chi Minh City,Male,0.2,3,30130562,26193600,1.15,1623743,614036,In Range
EMP0238,HR,L3 Specialist,Ha Noi,Male,5.3,4,30651541,29500000,1.039,2305541,1801181,In Range
EMP0239,HR,L2 Associate,Da Nang,Female,2.2,3,27754853,20700000,1.341,1218307,943649,Review
EMP0240,Sales,L3 Specialist,Ha Noi,Female,0.4,4,27126980,31860000,0.851,2342423,1495112,Review
EMP0241,Operations,L2 Associate,Ho Chi Minh City,Female,3.8,3,22312851,23625600,0.944,854865,472712,In Range
EMP0242,Sales,L3 Specialist,Ho Chi Minh City,Female,4.5,3,37782360,34090200,1.108,1628826,927521,In Range
EMP0243,Engineering,L2 Associate,Ho Chi Minh City,Male,8.0,4,34288317,41344800,0.829,2403182,1655432,Review
EMP0244,Product,L2 Associate,Ho Chi Minh City,Female,1.2,3,35005605,33469600,1.046,1292513,779886,In Range
EMP0245,Engineering,L3 Specialist,Ha Noi,Female,4.6,5,50601576,49560000,1.021,7094534,3891141,In Range
EMP0246,Engineering,L4 Senior,Da Nang,Male,5.7,3,51873732,58590000,0.885,2076054,1210791,In Range
EMP0247,HR,L5 Manager,Ho Chi Minh City,Male,7.8,3,50843851,54837500,0.927,2257537,1620923,In Range
EMP0248,Sales,L1 Analyst,Ha Noi,Male,2.5,4,18315613,19440000,0.942,1714161,924275,In Range
EMP0249,Operations,L2 Associate,Ho Chi Minh City,Male,0.8,4,24379945,23625600,1.032,1949886,1343337,In Range
EMP0250,Engineering,L3 Specialist,Ha Noi,Male,1.1,2,55776884,49560000,1.125,1004882,423859,In Range
EMP0251,HR,L3 Specialist,Ha Noi,Male,3.1,3,32689306,29500000,1.108,1665668,635634,In Range
EMP0252,Operations,L3 Specialist,Ho Chi Minh City,Male,1.6,2,35290291,30302400,1.165,634955,398436,Review
EMP0253,HR,L2 Associate,Ho Chi Minh City,Female,2.9,4,21066546,24610000,0.856,1732872,1054086,Review
EMP0254,Sales,L4 Senior,Ha Noi,Female,2.9,3,42935691,41850000,1.026,1949254,1474814,In Range
EMP0255,Product,L5 Manager,Ho Chi Minh City,Female,1.8,3,76126041,74579000,1.021,3570621,1937318,In Range
EMP0256,Operations,L2 Associate,Ho Chi Minh City,Male,6.3,4,26970500,23625600,1.142,2300966,1144562,In Range
EMP0257,HR,L2 Associate,Ho Chi Minh City,Female,0.2,3,22102364,24610000,0.898,997395,467148,In Range
EMP0258,Operations,L2 Associate,Ho Chi Minh City,Male,4.1,3,26917521,23625600,1.139,1416357,578682,In Range
EMP0259,Operations,L4 Senior,Ho Chi Minh City,Female,4.1,3,37774606,39804000,0.949,1754206,848418,In Range
EMP0260,Finance,L3 Specialist,Ha Noi,Male,1.1,3,33135198,36580000,0.906,1860142,944193,In Range
EMP0261,Finance,L3 Specialist,Ho Chi Minh City,Male,4.2,3,40312894,39140600,1.03,1718720,851076,In Range
EMP0262,Operations,L3 Specialist,Ho Chi Minh City,Female,2.2,4,31728498,30302400,1.047,2722400,1758458,In Range
EMP0263,HR,L3 Specialist,Ho Chi Minh City,Female,2.3,2,35058705,31565000,1.111,602336,5040,In Range
EMP0264,Product,L4 Senior,Remote,Female,0.2,3,50329408,50065000,1.005,2818311,1324061,In Range
EMP0265,Product,L1 Analyst,Da Nang,Female,2.8,3,25005506,22032000,1.135,1161082,765739,In Range
EMP0266,Operations,L3 Specialist,Ho Chi Minh City,Female,3.8,3,24173527,30302400,0.798,1343209,452223,Review
EMP0267,Operations,L3 Specialist,Remote,Female,4.9,3,22578404,26904000,0.839,1354316,579033,Review
EMP0268,Engineering,L4 Senior,Ho Chi Minh City,Male,3.4,4,64094878,69657000,0.92,5296654,3042394,In Range
EMP0269,Operations,L3 Specialist,Ho Chi Minh City,Female,3.6,2,32488456,30302400,1.072,552834,136980,In Range
EMP0270,Sales,L2 Associate,Ha Noi,Female,2.7,5,29364581,24840000,1.182,4350028,2619722,Review
EMP0271,HR,L5 Manager,Da Nang,Female,2.4,5,46141221,46125000,1.0,6525480,4086257,In Range
EMP0272,Operations,L2 Associate,Ha Noi,Female,6.5,3,18793519,22080000,0.851,1071289,368026,Review
EMP0273,Sales,L2 Associate,Remote,Female,4.1,5,22946868,23598000,0.972,3182886,2014358,In Range
EMP0274,Operations,L2 Associate,Ha Noi,Female,5.6,3,23243756,22080000,1.053,1063194,502099,In Range
EMP0275,Engineering,L4 Senior,Ho Chi Minh City,Male,1.0,3,66091499,69657000,0.949,3440974,1244037,In Range
EMP0276,Product,L4 Senior,Ho Chi Minh City,Female,4.6,2,51169729,56389000,0.907,1492142,155289,In Range
EMP0277,Operations,L1 Analyst,Ha Noi,Female,4.7,4,16655973,17280000,0.964,1207753,800149,In Range
EMP0278,HR,L1 Analyst,Ho Chi Minh City,Female,2.7,4,17789947,19260000,0.924,1531909,676540,In Range
EMP0279,Sales,L1 Analyst,Ho Chi Minh City,Male,6.4,4,21006606,20800800,1.01,1988163,1037778,In Range
EMP0280,Product,L1 Analyst,Ho Chi Minh City,Male,4.7,5,27692762,26193600,1.057,2959151,2461428,In Range
EMP0281,Operations,L1 Analyst,Remote,Female,2.9,4,16371116,16416000,0.997,1280270,941432,In Range
EMP0282,Operations,L1 Analyst,Ho Chi Minh City,Male,3.8,3,17822102,18489600,0.964,959028,499424,In Range
EMP0283,Sales,L5 Manager,Ho Chi Minh City,Female,3.1,4,59342888,59224500,1.002,5244077,3361351,In Range
EMP0284,Finance,L3 Specialist,Ho Chi Minh City,Female,1.5,4,39091773,39140600,0.999,2604961,2433214,In Range
EMP0285,HR,L2 Associate,Ho Chi Minh City,Female,1.4,4,17261670,24610000,0.701,1633066,1091213,Review
EMP0286,Product,L4 Senior,Ha Noi,Female,2.2,4,53850892,52700000,1.022,4744857,2070600,In Range
EMP0287,Product,L2 Associate,Ho Chi Minh City,Female,0.2,4,28292482,33469600,0.845,2264289,1392462,Review
EMP0288,Operations,L1 Analyst,Ha Noi,Male,3.1,3,16443886,17280000,0.952,659070,521880,In Range
EMP0289,Sales,L2 Associate,Ha Noi,Male,5.5,4,28712300,24840000,1.156,2495063,1747277,In Range
EMP0290,Product,L1 Analyst,Ho Chi Minh City,Female,4.5,4,24468083,26193600,0.934,2134100,1008696,In Range
EMP0291,Operations,L3 Specialist,Ho Chi Minh City,Male,6.4,4,31398045,30302400,1.036,2198142,1300731,In Range
EMP0292,Finance,L2 Associate,Remote,Male,0.2,2,27927910,27094000,1.031,314955,298405,In Range
EMP0293,Sales,L1 Analyst,Ho Chi Minh City,Female,1.6,3,18220481,20800800,0.876,753925,359843,Review
EMP0294,Sales,L3 Specialist,Ho Chi Minh City,Female,7.2,3,34704911,34090200,1.018,1344889,1174057,In Range
EMP0295,Finance,L3 Specialist,Remote,Male,3.6,3,33021710,34751000,0.95,1750388,746667,In Range
EMP0296,Product,L2 Associate,Ha Noi,Male,5.2,3,34532524,31280000,1.104,2032308,662049,In Range
EMP0297,Sales,L2 Associate,Da Nang,Female,0.2,4,23411922,22356000,1.047,1917769,1081761,In Range
EMP0298,Operations,L2 Associate,Ha Noi,Female,3.4,5,20494465,22080000,0.928,2828730,1529265,In Range
EMP0299,Product,L2 Associate,Ho Chi Minh City,Female,5.5,5,27092497,33469600,0.809,2711230,2323106,Review
EMP0300,Finance,L3 Specialist,Ho Chi Minh City,Female,3.4,2,44137886,39140600,1.128,1321452,471163,In Range
EMP0301,Product,L4 Senior,Remote,Female,2.6,5,44999938,50065000,0.899,4691024,3176122,In Range
EMP0302,Product,L4 Senior,Ho Chi Minh City,Male,0.2,3,62748239,56389000,1.113,2605606,1465495,In Range
EMP0303,Finance,L3 Specialist,Ha Noi,Female,3.1,3,38150373,36580000,1.043,2079135,1065923,In Range
EMP0304,Engineering,L1 Analyst,Ho Chi Minh City,Female,0.2,3,29412149,32356800,0.909,1117598,608227,In Range
EMP0305,Operations,L4 Senior,Ha Noi,Female,4.7,4,36359629,37200000,0.977,2634130,1730902,In Range
EMP0306,Sales,L3 Specialist,Ho Chi Minh City,Male,4.0,2,30696320,34090200,0.9,766228,115043,In Range
EMP0307,Sales,L4 Senior,Ho Chi Minh City,Female,4.5,4,46145729,44779500,1.031,4139743,2217324,In Range
EMP0308,Operations,L3 Specialist,Ha Noi,Female,3.4,2,27716114,28320000,0.979,777435,184353,In Range
EMP0309,Product,L4 Senior,Da Nang,Female,5.5,3,48967497,47430000,1.032,2416404,1565425,In Range
EMP0310,Sales,L1 Analyst,Ha Noi,Female,3.5,3,20324898,19440000,1.046,1025989,450773,In Range
EMP0311,Engineering,L2 Associate,Ha Noi,Female,2.8,3,39780318,38640000,1.03,2272105,1071636,In Range
EMP0312,Operations,L4 Senior,Da Nang,Male,3.6,4,30075657,33480000,0.898,2392229,1884008,In Range
EMP0313,Sales,L2 Associate,Ho Chi Minh City,Female,4.1,4,33274520,26578800,1.252,2691342,1953372,Review
EMP0314,HR,L5 Manager,Ho Chi Minh City,Male,5.5,3,60285422,54837500,1.099,2194252,2106292,In Range
EMP0315,Engineering,L4 Senior,Da Nang,Female,0.2,4,58858716,58590000,1.005,4872065,3517849,In Range
EMP0316,Operations,L4 Senior,Ho Chi Minh City,Male,5.8,4,37979547,39804000,0.954,2683141,2456372,In Range
EMP0317,Finance,L2 Associate,Ho Chi Minh City,Female,4.5,3,31828632,30516400,1.043,1532906,573285,In Range
EMP0318,HR,L1 Analyst,Ho Chi Minh City,Male,6.7,3,17264231,19260000,0.896,613706,482921,In Range
EMP0319,HR,L4 Senior,Da Nang,Male,5.2,5,33964865,34875000,0.974,4068304,2402263,In Range
EMP0320,Engineering,L1 Analyst,Ho Chi Minh City,Male,4.6,4,23613742,32356800,0.73,1658301,1514965,Review
EMP0321,Operations,L4 Senior,Da Nang,Female,2.1,3,32267388,33480000,0.964,1684760,650669,In Range
EMP0322,Operations,L5 Manager,Remote,Female,8.6,2,46261524,46740000,0.99,1019964,639129,In Range
EMP0323,HR,L2 Associate,Ha Noi,Male,5.4,3,26235039,23000000,1.141,1562546,547108,In Range
EMP0324,Finance,L1 Analyst,Ha Noi,Male,4.9,3,20574590,22320000,0.922,848466,394055,In Range
EMP0325,Engineering,L1 Analyst,Ho Chi Minh City,Female,2.6,5,22114610,32356800,0.683,2815216,1564356,Review
EMP0326,Sales,L4 Senior,Ha Noi,Male,3.3,3,49813345,41850000,1.19,2110727,1166538,Review
EMP0327,HR,L1 Analyst,Ho Chi Minh City,Female,5.0,4,14928335,19260000,0.775,1012039,806710,Review
EMP0328,Operations,L2 Associate,Ho Chi Minh City,Male,1.9,3,24794826,23625600,1.049,930586,532949,In Range
EMP0329,Engineering,L3 Specialist,Ha Noi,Male,2.4,3,48769937,49560000,0.984,1767466,1351907,In Range
EMP0330,Finance,L1 Analyst,Ho Chi Minh City,Female,4.7,3,22014540,23882400,0.922,880403,405893,In Range
EMP0331,Engineering,L2 Associate,Ho Chi Minh City,Male,0.8,3,37130478,41344800,0.898,1913185,725876,In Range
EMP0332,Sales,L1 Analyst,Remote,Female,4.7,3,18127041,18468000,0.982,736974,409047,In Range
EMP0333,Product,L3 Specialist,Ha Noi,Female,1.7,5,44701406,40120000,1.114,5788221,3707859,In Range
EMP0334,Finance,L4 Senior,Ho Chi Minh City,Female,4.8,5,46649744,51413500,0.907,5775850,3271630,In Range
EMP0335,HR,L3 Specialist,Ha Noi,Male,4.2,4,24861132,29500000,0.843,1705684,1452986,Review
EMP0336,Engineering,L5 Manager,Remote,Male,4.7,5,88520665,81795000,1.082,10779131,8402936,In Range
EMP0337,Operations,L4 Senior,Ho Chi Minh City,Male,3.9,3,38966586,39804000,0.979,1750920,917435,In Range
EMP0338,Engineering,L2 Associate,Da Nang,Male,1.4,3,31527191,34776000,0.907,1430107,646919,In Range
EMP0339,Sales,L3 Specialist,Remote,Male,2.3,3,29677448,30267000,0.981,1436117,707682,In Range
EMP0340,Sales,L2 Associate,Ho Chi Minh City,Male,4.8,3,27126157,26578800,1.021,1362177,808149,In Range
EMP0341,Product,L4 Senior,Ho Chi Minh City,Female,3.1,5,42424007,56389000,0.752,4285319,3821106,Review
EMP0342,Engineering,L2 Associate,Ho Chi Minh City,Male,6.7,3,46650130,41344800,1.128,2768941,1191112,In Range
EMP0343,Finance,L2 Associate,Ho Chi Minh City,Male,3.8,4,32656155,30516400,1.07,2848542,1910591,In Range
EMP0344,Finance,L4 Senior,Ha Noi,Female,2.3,3,53876550,48050000,1.121,3032301,1775160,In Range
EMP0345,Product,L1 Analyst,Da Nang,Male,3.2,5,24708042,22032000,1.121,3341310,1862922,In Range
EMP0346,Finance,L2 Associate,Ha Noi,Female,5.2,4,29098012,28520000,1.02,2046391,1789614,In Range
EMP0347,Sales,L2 Associate,Ho Chi Minh City,Male,3.2,3,22111358,26578800,0.832,987585,459240,Review
EMP0348,Sales,L5 Manager,Da Nang,Male,2.5,3,45916420,49815000,0.922,1630093,1435584,In Range
EMP0349,Operations,L1 Analyst,Remote,Male,3.0,3,16276249,16416000,0.991,897263,377492,In Range
EMP0350,HR,L3 Specialist,Ho Chi Minh City,Female,2.3,3,33718128,31565000,1.068,1750979,1079428,In Range
EMP0351,Sales,L1 Analyst,Ha Noi,Male,4.3,4,17715043,19440000,0.911,1475158,815935,In Range
EMP0352,Product,L1 Analyst,Remote,Male,4.3,4,21734408,23256000,0.935,1994593,1001247,In Range
EMP0353,Engineering,L4 Senior,Remote,Male,4.1,4,53129223,61845000,0.859,4538440,3053583,Review
EMP0354,Operations,L5 Manager,Ho Chi Minh City,Female,2.8,4,53646789,52644000,1.019,4407688,2313663,In Range
EMP0355,Operations,L2 Associate,Ha Noi,Male,5.8,4,20070799,22080000,0.909,1813649,1218242,In Range
EMP0356,Finance,L1 Analyst,Ho Chi Minh City,Female,3.0,4,28650612,23882400,1.2,2019640,1614526,Review
EMP0357,Engineering,L1 Analyst,Ho Chi Minh City,Male,1.9,3,38227722,32356800,1.181,1586985,879194,Review
EMP0358,Finance,L2 Associate,Da Nang,Male,4.0,5,25295878,25668000,0.986,3162589,2312611,In Range
EMP0359,Sales,L2 Associate,Ho Chi Minh City,Male,4.1,3,28064144,26578800,1.056,1381741,937695,In Range
EMP0360,Sales,L2 Associate,Ha Noi,Male,0.2,3,25140780,24840000,1.012,1278722,454549,In Range
EMP0361,Engineering,L4 Senior,Ho Chi Minh City,Male,0.2,3,70508586,69657000,1.012,3550953,2028482,In Range
EMP0362,Sales,L5 Manager,Ho Chi Minh City,Female,3.8,2,62763462,59224500,1.06,866860,637126,In Range
EMP0363,Operations,L2 Associate,Ha Noi,Female,6.8,3,19671161,22080000,0.891,770628,629582,In Range
EMP0364,Engineering,L2 Associate,Ha Noi,Male,5.1,3,49286105,38640000,1.276,2147313,1642387,Review
EMP0365,Engineering,L1 Analyst,Remote,Male,0.2,3,29416550,28728000,1.024,1126070,896596,In Range
EMP0366,Sales,L1 Analyst,Ho Chi Minh City,Male,6.6,2,22056465,20800800,1.06,456451,16075,In Range
EMP0367,HR,L3 Specialist,Ha Noi,Female,2.1,4,26749904,29500000,0.907,2177936,1359128,In Range
EMP0368,Engineering,L3 Specialist,Ha Noi,Female,4.2,4,45637484,49560000,0.921,3795625,1903239,In Range
EMP0369,Finance,L1 Analyst,Ha Noi,Female,4.0,3,23084203,22320000,1.034,923223,518723,In Range
EMP0370,Sales,L1 Analyst,Ha Noi,Female,5.6,3,19798516,19440000,1.018,694303,582428,In Range
EMP0371,HR,L4 Senior,Ha Noi,Female,2.4,3,31933112,38750000,0.824,1198522,713710,Review
EMP0372,Engineering,L5 Manager,Ho Chi Minh City,Female,3.0,3,91455056,92127000,0.993,3865273,2892461,In Range
EMP0373,Engineering,L3 Specialist,Ho Chi Minh City,Male,7.1,4,56271516,53029200,1.061,3945498,2681520,In Range
EMP0374,Sales,L3 Specialist,Da Nang,Female,3.7,3,26474912,28674000,0.923,1181917,859413,In Range
EMP0375,Finance,L3 Specialist,Da Nang,Female,2.8,4,40995279,32922000,1.245,2860727,2018310,Review
EMP0376,Sales,L4 Senior,Ha Noi,Female,5.0,3,40235113,41850000,0.961,2096716,1297788,In Range
EMP0377,HR,L1 Analyst,Remote,Female,2.7,3,17405277,17100000,1.018,745920,521769,In Range
EMP0378,Operations,L4 Senior,Ha Noi,Male,6.3,3,36356626,37200000,0.977,1747939,1087422,In Range
EMP0379,Product,L3 Specialist,Ho Chi Minh City,Female,2.3,4,38763501,42928400,0.903,3168929,2506850,In Range
EMP0380,Product,L3 Specialist,Ho Chi Minh City,Male,5.7,2,35286261,42928400,0.822,699831,127503,Review
EMP0381,HR,L1 Analyst,Ho Chi Minh City,Male,1.9,3,20145468,19260000,1.046,1108636,516080,In Range
EMP0382,Finance,L2 Associate,Ho Chi Minh City,Female,2.6,3,29233313,30516400,0.958,1430336,526284,In Range
EMP0383,Product,L3 Specialist,Ha Noi,Female,1.8,4,39962673,40120000,0.996,3736936,1910625,In Range
EMP0384,Product,L2 Associate,Ho Chi Minh City,Male,1.5,4,30621067,33469600,0.915,2648030,1257871,In Range
EMP0385,Operations,L2 Associate,Ho Chi Minh City,Male,4.9,4,23146993,23625600,0.98,1992097,908196,In Range
EMP0386,Engineering,L1 Analyst,Ha Noi,Male,5.5,3,33085354,30240000,1.094,1927401,816521,In Range
EMP0387,Sales,L4 Senior,Ha Noi,Female,0.2,4,45021652,41850000,1.076,3534881,2511233,In Range
EMP0388,HR,L1 Analyst,Ho Chi Minh City,Female,1.3,2,22978005,19260000,1.193,451716,175207,Review
EMP0389,HR,L1 Analyst,Ha Noi,Male,1.6,3,15961336,18000000,0.887,910872,424091,In Range
EMP0390,Sales,L5 Manager,Remote,Male,5.0,3,67536155,52582500,1.284,3128352,1368777,Review
EMP0391,Sales,L3 Specialist,Ha Noi,Female,1.9,4,33874854,31860000,1.063,3152576,1865818,In Range
EMP0392,Engineering,L3 Specialist,Ho Chi Minh City,Female,0.4,4,38186721,53029200,0.72,3277542,1783484,Review
EMP0393,Product,L2 Associate,Ho Chi Minh City,Male,2.6,4,28161325,33469600,0.841,2541325,1287537,Review
EMP0394,Finance,L4 Senior,Ha Noi,Female,4.9,3,46354353,48050000,0.965,2491761,961199,In Range
EMP0395,Engineering,L2 Associate,Da Nang,Male,2.0,3,34798136,34776000,1.001,1926100,686990,In Range
EMP0396,Finance,L3 Specialist,Da Nang,Male,2.7,4,33415870,32922000,1.015,2972831,1529319,In Range
EMP0397,Operations,L4 Senior,Ho Chi Minh City,Male,6.9,5,37675323,39804000,0.947,3791956,2817595,In Range
EMP0398,Operations,L4 Senior,Da Nang,Male,5.7,5,31984070,33480000,0.955,4405978,2646957,In Range
EMP0399,Operations,L4 Senior,Remote,Female,0.3,3,34312982,35340000,0.971,1350040,917371,In Range
EMP0400,Engineering,L2 Associate,Ha Noi,Female,2.0,4,38074397,38640000,0.985,3285466,1605969,In Range
EMP0401,Engineering,L2 Associate,Ho Chi Minh City,Male,0.9,3,36896406,41344800,0.892,1819617,888741,In Range
EMP0402,Finance,L2 Associate,Ho Chi Minh City,Female,5.5,3,32170331,30516400,1.054,1557877,629351,In Range
EMP0403,Engineering,L1 Analyst,Ho Chi Minh City,Female,3.9,4,38301839,32356800,1.184,3616996,1464574,Review
EMP0404,Operations,L2 Associate,Remote,Male,3.1,4,24355466,20976000,1.161,1817602,1527823,Review
EMP0405,HR,L2 Associate,Ha Noi,Female,2.4,5,24073652,23000000,1.047,3373702,1926615,In Range
EMP0406,Product,L4 Senior,Ho Chi Minh City,Female,1.4,5,64086949,56389000,1.137,8132553,4370597,In Range
EMP0407,Product,L3 Specialist,Da Nang,Male,7.8,3,40027149,36108000,1.109,2104170,1384772,In Range
EMP0408,Finance,L3 Specialist,Remote,Male,4.8,3,31430999,34751000,0.904,1168857,594755,In Range
EMP0409,Finance,L3 Specialist,Ha Noi,Female,3.7,3,32251768,36580000,0.882,1477957,589793,In Range
EMP0410,Operations,L3 Specialist,Ha Noi,Male,5.1,4,24163506,28320000,0.853,1623248,1523685,Review
EMP0411,Product,L4 Senior,Ho Chi Minh City,Female,1.5,4,50640206,56389000,0.898,4295388,2572404,In Range
EMP0412,Sales,L1 Analyst,Ho Chi Minh City,Male,4.0,4,22037276,20800800,1.059,1880191,1381353,In Range
EMP0413,Finance,L3 Specialist,Ho Chi Minh City,Male,2.9,4,37063338,39140600,0.947,2414710,2005485,In Range
EMP0414,Sales,L5 Manager,Ho Chi Minh City,Male,2.8,5,55487039,59224500,0.937,7340745,4540999,In Range
EMP0415,Engineering,L2 Associate,Da Nang,Female,5.0,3,35110744,34776000,1.01,1976197,1188509,In Range
EMP0416,HR,L2 Associate,Ha Noi,Female,4.1,4,23472473,23000000,1.021,1868778,1101633,In Range
EMP0417,Product,L3 Specialist,Ho Chi Minh City,Male,4.7,3,40503516,42928400,0.944,2041724,939539,In Range
EMP0418,Sales,L3 Specialist,Ho Chi Minh City,Female,3.0,3,33544646,34090200,0.984,1539803,1082884,In Range
EMP0419,Product,L3 Specialist,Da Nang,Female,6.6,3,34389760,36108000,0.952,1354759,973666,In Range
EMP0420,Finance,L4 Senior,Ho Chi Minh City,Female,5.7,3,53118012,51413500,1.033,1959258,972947,In Range
EMP0421,Sales,L1 Analyst,Ha Noi,Female,2.7,4,20921272,19440000,1.076,1700985,1359164,In Range
EMP0422,Sales,L4 Senior,Ho Chi Minh City,Female,3.7,3,35283727,44779500,0.788,1584932,936319,Review
EMP0423,Operations,L4 Senior,Da Nang,Male,3.8,3,29491889,33480000,0.881,1164299,1006502,In Range
EMP0424,Operations,L5 Manager,Ha Noi,Female,3.0,3,50418387,49200000,1.025,1843878,1224179,In Range
EMP0425,Product,L1 Analyst,Remote,Female,5.6,3,22498924,23256000,0.967,1339018,528932,In Range
EMP0426,Operations,L3 Specialist,Da Nang,Male,3.4,3,23822091,25488000,0.935,1223071,576734,In Range
EMP0427,Operations,L4 Senior,Ha Noi,Female,2.8,5,33402316,37200000,0.898,4789423,2710440,In Range
EMP0428,Sales,L3 Specialist,Ha Noi,Female,3.0,3,35770813,31860000,1.123,1441132,757533,In Range
EMP0429,Engineering,L3 Specialist,Ho Chi Minh City,Female,4.5,3,42833709,53029200,0.808,1671849,1377841,Review
EMP0430,Product,L1 Analyst,Ha Noi,Female,3.4,4,27883593,24480000,1.139,1859204,1254009,In Range
EMP0431,Engineering,L5 Manager,Ha Noi,Male,3.9,2,83448028,86100000,0.969,1307555,107333,In Range
EMP0432,Sales,L5 Manager,Da Nang,Female,0.2,4,40245732,49815000,0.808,3606565,1726979,Review
EMP0433,Operations,L2 Associate,Ha Noi,Female,0.5,3,23015519,22080000,1.042,1027333,456759,In Range
EMP0434,Engineering,L4 Senior,Ha Noi,Female,3.8,3,65794049,65100000,1.011,3592138,1747266,In Range
EMP0435,Product,L2 Associate,Ho Chi Minh City,Male,2.8,4,38541089,33469600,1.152,3255834,2007806,In Range
EMP0436,Engineering,L1 Analyst,Ha Noi,Female,1.0,4,29823478,30240000,0.986,2465550,1730288,In Range
EMP0437,Operations,L3 Specialist,Ho Chi Minh City,Female,1.7,4,30649493,30302400,1.011,2252676,1890237,In Range
EMP0438,Sales,L1 Analyst,Ha Noi,Male,2.3,2,18936058,19440000,0.974,437251,195354,In Range
EMP0439,Engineering,L2 Associate,Ho Chi Minh City,Male,3.1,3,50279729,41344800,1.216,2219403,1140572,Review
EMP0440,Operations,L3 Specialist,Ho Chi Minh City,Male,1.2,4,30654787,30302400,1.012,2225946,1418692,In Range
EMP0441,Engineering,L3 Specialist,Ha Noi,Male,1.3,3,41941633,49560000,0.846,2201214,870311,Review
EMP0442,Engineering,L2 Associate,Ho Chi Minh City,Male,2.1,3,34611281,41344800,0.837,2046020,626116,Review
EMP0443,Product,L1 Analyst,Remote,Female,4.6,3,23965833,23256000,1.031,861425,587967,In Range
EMP0444,HR,L3 Specialist,Ha Noi,Male,0.2,4,24996977,29500000,0.847,2104964,1246155,Review
EMP0445,Engineering,L3 Specialist,Da Nang,Female,6.0,4,44893725,44604000,1.006,2966660,1995972,In Range
EMP0446,Product,L1 Analyst,Remote,Male,4.5,3,20569342,23256000,0.884,986168,627935,In Range
EMP0447,Product,L1 Analyst,Ho Chi Minh City,Male,4.9,5,21911677,26193600,0.837,2494105,1848728,Review
EMP0448,Engineering,L4 Senior,Ha Noi,Female,7.6,3,65838402,65100000,1.011,2788671,2245041,In Range
EMP0449,Finance,L5 Manager,Da Nang,Male,0.3,5,52803977,57195000,0.923,6767275,4688418,In Range
EMP0450,Operations,L5 Manager,Ho Chi Minh City,Female,2.8,3,51936353,52644000,0.987,1905485,1494326,In Range
EMP0451,HR,L3 Specialist,Ho Chi Minh City,Female,5.6,2,30408416,31565000,0.963,810188,113237,In Range
EMP0452,Product,L3 Specialist,Da Nang,Female,5.4,3,34219719,36108000,0.948,1962771,772486,In Range
EMP0453,HR,L3 Specialist,Remote,Female,4.3,5,32802832,28025000,1.17,3619429,2410178,Review
EMP0454,Engineering,L3 Specialist,Ho Chi Minh City,Female,6.0,4,46659969,53029200,0.88,3790853,1826323,Review
EMP0455,Sales,L3 Specialist,Ho Chi Minh City,Male,0.9,5,37047960,34090200,1.087,5528287,3435538,In Range
EMP0456,Engineering,L2 Associate,Ha Noi,Female,1.4,4,32636683,38640000,0.845,2613358,1587134,Review
EMP0457,Operations,L1 Analyst,Remote,Male,0.2,2,17101366,16416000,1.042,243097,149041,In Range
EMP0458,Engineering,L3 Specialist,Ho Chi Minh City,Male,3.4,4,59593918,53029200,1.124,4527810,3067108,In Range
EMP0459,Engineering,L3 Specialist,Ho Chi Minh City,Male,3.0,3,56639403,53029200,1.068,2797835,1239589,In Range
EMP0460,Product,L2 Associate,Ho Chi Minh City,Female,2.3,5,34876344,33469600,1.042,3748419,3130258,In Range
EMP0461,Engineering,L2 Associate,Remote,Male,0.2,4,36020301,36708000,0.981,2665539,1915478,In Range
EMP0462,Sales,L2 Associate,Ha Noi,Female,4.1,4,21145293,24840000,0.851,1603423,1123438,Review
EMP0463,HR,L2 Associate,Ho Chi Minh City,Female,3.8,5,26364984,24610000,1.071,3395671,2254906,In Range
EMP0464,Engineering,L4 Senior,Ho Chi Minh City,Male,2.9,3,68296732,69657000,0.98,3041033,1562008,In Range
EMP0465,Operations,L1 Analyst,Ho Chi Minh City,Male,0.2,3,16692172,18489600,0.903,938476,320704,In Range
EMP0466,Engineering,L2 Associate,Ho Chi Minh City,Female,1.2,3,37774710,41344800,0.914,1742263,1234013,In Range
EMP0467,Engineering,L3 Specialist,Remote,Female,3.4,4,46003933,47082000,0.977,3957300,1847598,In Range
EMP0468,Engineering,L1 Analyst,Ho Chi Minh City,Male,0.2,4,35887831,32356800,1.109,3156331,1444406,In Range
EMP0469,Engineering,L1 Analyst,Ha Noi,Male,3.5,3,30284492,30240000,1.001,1534273,612707,In Range
EMP0470,Finance,L1 Analyst,Ha Noi,Male,4.9,3,15726546,22320000,0.705,762967,355908,Review
EMP0471,Sales,L5 Manager,Ha Noi,Female,4.1,4,47457174,55350000,0.857,3887670,2474105,Review
EMP0472,Operations,L2 Associate,Ho Chi Minh City,Female,4.0,3,20983191,23625600,0.888,870701,485986,In Range
EMP0473,Product,L4 Senior,Da Nang,Female,2.9,5,47559687,47430000,1.003,7007819,3846666,In Range
EMP0474,Product,L2 Associate,Ho Chi Minh City,Female,5.2,3,33631055,33469600,1.005,1648388,831050,In Range
EMP0475,Engineering,L3 Specialist,Ho Chi Minh City,Female,3.0,3,57818525,53029200,1.09,3190968,1713677,In Range
EMP0476,Engineering,L3 Specialist,Da Nang,Female,0.2,4,45641946,44604000,1.023,3838797,2495642,In Range
EMP0477,Engineering,L3 Specialist,Ho Chi Minh City,Female,5.7,3,54388198,53029200,1.026,2876042,1651270,In Range
EMP0478,Engineering,L1 Analyst,Ho Chi Minh City,Female,4.2,3,33464345,32356800,1.034,1559174,1052595,In Range
EMP0479,Engineering,L4 Senior,Remote,Female,3.3,3,58385406,61845000,0.944,3236377,1873020,In Range
EMP0480,Product,L4 Senior,Ho Chi Minh City,Male,7.0,3,56263143,56389000,0.998,2617410,1750174,In Range
EMP0481,Sales,L5 Manager,Ho Chi Minh City,Male,2.7,3,55158385,59224500,0.931,1988716,1871864,In Range
EMP0482,Sales,L2 Associate,Ha Noi,Female,5.9,5,25234673,24840000,1.016,2665953,2147182,In Range
EMP0483,Engineering,L1 Analyst,Ho Chi Minh City,Female,3.3,2,31210497,32356800,0.965,684267,173873,In Range
EMP0484,Product,L1 Analyst,Ho Chi Minh City,Male,0.9,5,30229117,26193600,1.154,3113259,2581673,In Range
EMP0485,Operations,L4 Senior,Ho Chi Minh City,Female,3.1,5,41570259,39804000,1.044,5831321,3319194,In Range
EMP0486,Engineering,L3 Specialist,Ho Chi Minh City,Female,0.2,5,45697942,53029200,0.862,5243187,3967496,Review
EMP0487,Engineering,L1 Analyst,Ho Chi Minh City,Male,2.6,5,38987405,32356800,1.205,4979706,2723647,Review
EMP0488,Engineering,L2 Associate,Ho Chi Minh City,Female,6.2,3,40387316,41344800,0.977,2278682,1259773,In Range
EMP0489,Engineering,L3 Specialist,Ha Noi,Female,3.6,3,42041356,49560000,0.848,2051059,1194885,Review
EMP0490,Engineering,L3 Specialist,Ho Chi Minh City,Female,6.8,3,56503184,53029200,1.066,2663236,1111915,In Range
EMP0491,Sales,L4 Senior,Ha Noi,Female,2.2,4,41240704,41850000,0.985,3430344,1646065,In Range
EMP0492,HR,L1 Analyst,Ho Chi Minh City,Male,6.5,2,21093160,19260000,1.095,446340,296858,In Range
EMP0493,Sales,L2 Associate,Ha Noi,Male,3.1,2,25623338,24840000,1.032,411974,363058,In Range
EMP0494,HR,L1 Analyst,Ha Noi,Female,4.2,3,20247085,18000000,1.125,1025173,426024,In Range
EMP0495,Operations,L2 Associate,Ho Chi Minh City,Male,1.7,4,25867566,23625600,1.095,2366487,1099471,In Range
EMP0496,Engineering,L2 Associate,Ho Chi Minh City,Female,5.5,3,39502934,41344800,0.955,1703222,960681,In Range
EMP0497,Operations,L2 Associate,Ha Noi,Male,9.1,4,23009806,22080000,1.042,2134951,1032229,In Range
EMP0498,HR,L2 Associate,Ho Chi Minh City,Male,6.7,5,21915307,24610000,0.891,3280077,1668845,In Range
EMP0499,Engineering,L2 Associate,Da Nang,Female,1.8,4,32421548,34776000,0.932,2645919,1719014,In Range
EMP0500,HR,L1 Analyst,Ho Chi Minh City,Female,4.5,4,20808351,19260000,1.08,1497990,1246400,In Range
EMP0501,Product,L2 Associate,Remote,Male,2.6,3,23995049,29716000,0.807,1335148,713208,Review
EMP0502,Sales,L4 Senior,Ha Noi,Female,2.9,2,35831571,41850000,0.856,607653,439192,Review
EMP0503,Sales,L4 Senior,Da Nang,Female,4.4,4,36182325,37665000,0.961,3195715,1748589,In Range
EMP0504,Engineering,L1 Analyst,Ha Noi,Female,1.7,2,29397159,30240000,0.972,555969,262428,In Range
EMP0505,Sales,L2 Associate,Ho Chi Minh City,Female,1.1,3,29426432,26578800,1.107,1066201,729371,In Range
EMP0506,Product,L2 Associate,Da Nang,Female,5.0,3,31123492,28152000,1.106,1596828,663979,In Range
EMP0507,Operations,L3 Specialist,Ho Chi Minh City,Female,3.5,5,27397517,30302400,0.904,2862485,2359945,In Range
EMP0508,Sales,L2 Associate,Ho Chi Minh City,Male,5.0,5,26956535,26578800,1.014,3526213,2553708,In Range
EMP0509,Sales,L1 Analyst,Ho Chi Minh City,Male,3.8,4,22905024,20800800,1.101,2074804,939886,In Range
EMP0510,Product,L5 Manager,Remote,Male,3.3,4,65119419,66215000,0.983,4450153,3265847,In Range
EMP0511,Product,L1 Analyst,Ha Noi,Female,1.6,3,24176528,24480000,0.988,1287354,493271,In Range
EMP0512,Operations,L1 Analyst,Ha Noi,Male,4.4,3,17593411,17280000,1.018,962882,501507,In Range
EMP0513,Product,L3 Specialist,Ho Chi Minh City,Female,2.7,4,52077739,42928400,1.213,4735349,2005780,Review
EMP0514,Finance,L3 Specialist,Ho Chi Minh City,Female,4.2,3,38851815,39140600,0.993,2201706,1050418,In Range
EMP0515,Engineering,L2 Associate,Ho Chi Minh City,Male,4.8,4,41806345,41344800,1.011,3135772,2032700,In Range
EMP0516,Engineering,L2 Associate,Ho Chi Minh City,Male,3.7,4,53881237,41344800,1.303,4814654,2957886,Review
EMP0517,Finance,L4 Senior,Da Nang,Female,1.6,3,41939744,43245000,0.97,2408574,1223292,In Range
EMP0518,Product,L2 Associate,Remote,Male,2.1,3,28050115,29716000,0.944,1088870,967705,In Range
EMP0519,HR,L2 Associate,Ha Noi,Female,4.9,4,25415874,23000000,1.105,2309734,1177847,In Range
EMP0520,Operations,L3 Specialist,Ho Chi Minh City,Male,4.4,5,30019369,30302400,0.991,4378493,2298655,In Range
EMP0521,Sales,L5 Manager,Ho Chi Minh City,Female,5.7,4,51308214,59224500,0.866,3968052,2563416,Review
EMP0522,HR,L4 Senior,Remote,Female,1.7,4,38839763,36812500,1.055,3412983,2117680,In Range
EMP0523,Engineering,L3 Specialist,Ho Chi Minh City,Female,4.0,4,47039594,53029200,0.887,3730149,2425491,In Range
EMP0524,Operations,L3 Specialist,Ho Chi Minh City,Male,2.1,3,30399805,30302400,1.003,1088487,942308,In Range
EMP0525,Product,L2 Associate,Ho Chi Minh City,Male,6.7,2,33012042,33469600,0.986,942232,488064,In Range
EMP0526,Finance,L2 Associate,Ho Chi Minh City,Female,3.2,2,33935591,30516400,1.112,838434,193623,In Range
EMP0527,Engineering,L3 Specialist,Ha Noi,Male,0.2,4,47802266,49560000,0.965,3853793,2399361,In Range
EMP0528,Finance,L1 Analyst,Remote,Female,0.5,4,23522834,21204000,1.109,1893207,1294403,In Range
EMP0529,Product,L2 Associate,Ho Chi Minh City,Female,4.3,3,29851715,33469600,0.892,1502388,565012,In Range
EMP0530,Sales,L1 Analyst,Da Nang,Female,3.0,4,16507148,17496000,0.943,1139970,811592,In Range
EMP0531,Sales,L1 Analyst,Ha Noi,Male,2.0,3,17882977,19440000,0.92,935153,597681,In Range
EMP0532,Finance,L3 Specialist,Ho Chi Minh City,Female,3.6,3,35723320,39140600,0.913,1593338,1123432,In Range
EMP0533,Sales,L5 Manager,Ho Chi Minh City,Female,5.1,4,64056362,59224500,1.082,5431077,2693725,In Range
EMP0534,Finance,L1 Analyst,Ha Noi,Female,1.9,3,26230483,22320000,1.175,1328871,524568,Review
EMP0535,Product,L1 Analyst,Ha Noi,Female,0.2,4,25840710,24480000,1.056,1684104,1597808,In Range
EMP0536,Engineering,L3 Specialist,Ho Chi Minh City,Female,5.7,3,54254864,53029200,1.023,2655163,1737745,In Range
EMP0537,Product,L1 Analyst,Ha Noi,Female,2.3,4,21920285,24480000,0.895,1621076,1377698,In Range
EMP0538,Product,L2 Associate,Ho Chi Minh City,Male,0.2,4,31691288,33469600,0.947,2808457,1356080,In Range
EMP0539,Sales,L3 Specialist,Remote,Female,0.6,3,27664312,30267000,0.914,1015050,698925,In Range
EMP0540,Sales,L2 Associate,Ho Chi Minh City,Male,2.8,4,30114586,26578800,1.133,2586087,1642011,In Range
EMP0541,Product,L3 Specialist,Ha Noi,Male,0.2,5,40810822,40120000,1.017,6093624,3091585,In Range
EMP0542,Operations,L2 Associate,Ha Noi,Male,2.5,4,23097255,22080000,1.046,1861435,1271738,In Range
EMP0543,Sales,L1 Analyst,Ha Noi,Male,3.3,2,19424367,19440000,0.999,437227,34359,In Range
EMP0544,Finance,L4 Senior,Remote,Female,1.8,4,51213537,45647500,1.122,3346237,2224309,In Range
EMP0545,Engineering,L4 Senior,Ho Chi Minh City,Female,3.1,4,67735477,69657000,0.972,5654544,2627200,In Range
EMP0546,Engineering,L2 Associate,Ho Chi Minh City,Male,6.0,5,43261438,41344800,1.046,5367653,3674385,In Range
EMP0547,HR,L3 Specialist,Ho Chi Minh City,Male,0.3,3,31257957,31565000,0.99,1327950,947878,In Range
EMP0548,Engineering,L3 Specialist,Ho Chi Minh City,Male,0.2,4,57184530,53029200,1.078,5380401,2606037,In Range
EMP0549,Product,L5 Manager,Ha Noi,Male,1.9,4,61773068,69700000,0.886,5617508,3600850,In Range
EMP0550,Operations,L2 Associate,Ho Chi Minh City,Female,5.0,3,23846666,23625600,1.009,1401425,516862,In Range
EMP0551,Engineering,L1 Analyst,Da Nang,Male,5.5,5,26584772,27216000,0.977,3300052,2166698,In Range
EMP0552,Engineering,L4 Senior,Ha Noi,Female,3.4,4,74031175,65100000,1.137,6637943,4688146,In Range
EMP0553,Operations,L1 Analyst,Ha Noi,Female,2.6,2,15029264,17280000,0.87,430540,154888,Review
EMP0554,Sales,L1 Analyst,Ho Chi Minh City,Female,0.2,3,19625330,20800800,0.943,1124598,460311,In Range
EMP0555,Engineering,L2 Associate,Ho Chi Minh City,Female,2.3,3,42828294,41344800,1.036,1515326,1224464,In Range
EMP0556,Sales,L1 Analyst,Ho Chi Minh City,Female,5.3,3,22990286,20800800,1.105,1157137,546216,In Range
EMP0557,Sales,L1 Analyst,Ho Chi Minh City,Male,4.0,3,23076948,20800800,1.109,910953,649248,In Range
EMP0558,Sales,L4 Senior,Ha Noi,Male,3.9,3,44840410,41850000,1.071,2321467,1213796,In Range
EMP0559,HR,L3 Specialist,Ho Chi Minh City,Female,0.2,4,34981124,31565000,1.108,2751878,1975766,In Range
EMP0560,Operations,L2 Associate,Ho Chi Minh City,Female,2.1,5,19365655,23625600,0.82,2316207,1682674,Review
EMP0561,Operations,L4 Senior,Remote,Female,0.2,2,31765769,35340000,0.899,610692,81385,In Range
EMP0562,Operations,L3 Specialist,Ho Chi Minh City,Female,3.5,4,31159603,30302400,1.028,2632474,1850744,In Range
EMP0563,Sales,L2 Associate,Ho Chi Minh City,Male,1.4,4,29417309,26578800,1.107,2212812,1764324,In Range
EMP0564,Sales,L4 Senior,Ho Chi Minh City,Male,2.9,4,45410388,44779500,1.014,3057792,2866908,In Range
EMP0565,Sales,L2 Associate,Ha Noi,Female,6.3,4,24729341,24840000,0.996,2316558,986191,In Range
EMP0566,Product,L4 Senior,Da Nang,Female,0.2,3,47704702,47430000,1.006,2644073,1578236,In Range
EMP0567,HR,L3 Specialist,Ho Chi Minh City,Female,4.7,3,35010543,31565000,1.109,1731211,746646,In Range
EMP0568,Operations,L2 Associate,Ha Noi,Male,1.5,3,27561069,22080000,1.248,1641662,657400,Review
EMP0569,Product,L1 Analyst,Remote,Female,4.4,3,24790019,23256000,1.066,1207823,468610,In Range
EMP0570,Operations,L4 Senior,Ho Chi Minh City,Male,4.2,4,37407690,39804000,0.94,2873960,1742803,In Range
EMP0571,Sales,L2 Associate,Ha Noi,Male,1.9,3,25117453,24840000,1.011,1459627,810775,In Range
EMP0572,Engineering,L5 Manager,Ha Noi,Female,3.5,4,83272695,86100000,0.967,7886468,3354717,In Range
EMP0573,Operations,L2 Associate,Ho Chi Minh City,Male,3.4,4,22164429,23625600,0.938,1779415,1172617,In Range
EMP0574,Sales,L2 Associate,Ho Chi Minh City,Male,3.8,4,27806855,26578800,1.046,2225991,1365111,In Range
EMP0575,Sales,L2 Associate,Remote,Male,1.9,4,25852323,23598000,1.096,2215930,1081567,In Range
EMP0576,Operations,L5 Manager,Remote,Male,4.8,3,56261796,46740000,1.204,2093567,1464589,Review
EMP0577,Operations,L5 Manager,Ho Chi Minh City,Male,5.3,4,51914264,52644000,0.986,3909476,3063992,In Range
EMP0578,Sales,L3 Specialist,Ho Chi Minh City,Male,3.8,3,40594774,34090200,1.191,1714326,755085,Review
EMP0579,HR,L3 Specialist,Ha Noi,Male,2.3,2,27552983,29500000,0.934,303975,409313,In Range
EMP0580,Finance,L3 Specialist,Ho Chi Minh City,Female,3.4,4,41207978,39140600,1.053,2842368,1878517,In Range
EMP0581,Finance,L1 Analyst,Ho Chi Minh City,Female,1.8,4,25545750,23882400,1.07,2279581,1150934,In Range
EMP0582,Operations,L2 Associate,Da Nang,Male,5.1,3,20927768,19872000,1.053,1221105,431542,In Range
EMP0583,Sales,L5 Manager,Da Nang,Female,3.8,3,45811082,49815000,0.92,2444435,1093340,In Range
EMP0584,Operations,L3 Specialist,Ho Chi Minh City,Female,1.8,4,31979667,30302400,1.055,2800550,1675033,In Range
EMP0585,Engineering,L3 Specialist,Ho Chi Minh City,Female,3.4,5,49941183,53029200,0.942,7395697,4316799,In Range
EMP0586,Product,L4 Senior,Ha Noi,Male,4.2,3,62674816,52700000,1.189,2718469,1412721,Review
EMP0587,Product,L3 Specialist,Ho Chi Minh City,Male,1.2,4,42308983,42928400,0.986,2997497,1993175,In Range
EMP0588,Operations,L1 Analyst,Ha Noi,Male,0.4,4,18139478,17280000,1.05,1235611,907707,In Range
EMP0589,Engineering,L2 Associate,Ho Chi Minh City,Female,3.3,3,45923925,41344800,1.111,2566526,1568684,In Range
EMP0590,Operations,L3 Specialist,Ho Chi Minh City,Male,5.3,5,33852124,30302400,1.117,4343344,3185941,In Range
EMP0591,HR,L3 Specialist,Ho Chi Minh City,Female,6.0,5,29630955,31565000,0.939,3372571,2356507,In Range
EMP0592,HR,L4 Senior,Ho Chi Minh City,Female,6.5,3,45005698,41462500,1.085,1949483,856053,In Range
EMP0593,HR,L2 Associate,Ho Chi Minh City,Female,5.8,3,22997788,24610000,0.934,1087828,470209,In Range
EMP0594,Operations,L1 Analyst,Ha Noi,Male,3.0,2,16413319,17280000,0.95,351686,61697,In Range
EMP0595,Sales,L4 Senior,Ho Chi Minh City,Male,6.0,3,41799714,44779500,0.933,2194543,1395212,In Range
EMP0596,Sales,L3 Specialist,Remote,Female,0.2,4,32092537,30267000,1.06,2089199,2046291,In Range
EMP0597,Finance,L2 Associate,Ha Noi,Male,0.6,3,27201724,28520000,0.954,1382033,933019,In Range
EMP0598,Product,L3 Specialist,Remote,Female,1.3,3,38741110,38114000,1.016,1526999,723243,In Range
EMP0599,Sales,L1 Analyst,Ha Noi,Male,0.2,4,18869181,19440000,0.971,1584704,1091653,In Range
EMP0600,Product,L1 Analyst,Ha Noi,Male,3.9,3,27578771,24480000,1.127,1177428,746750,In Range
EMP0601,Finance,L2 Associate,Remote,Female,4.2,2,27301324,27094000,1.008,337547,330525,In Range
EMP0602,Operations,L2 Associate,Ha Noi,Male,2.6,3,17227046,22080000,0.78,618829,351553,Review
EMP0603,Operations,L2 Associate,Remote,Female,0.9,4,21943712,20976000,1.046,1459229,1015952,In Range
EMP0604,Finance,L2 Associate,Ho Chi Minh City,Male,4.1,4,33606211,30516400,1.101,2990121,1477176,In Range
EMP0605,Finance,L2 Associate,Da Nang,Male,4.7,4,22202973,25668000,0.865,1826839,926039,Review
EMP0606,Finance,L4 Senior,Da Nang,Male,8.3,3,45150149,43245000,1.044,2048862,1347146,In Range
EMP0607,Sales,L2 Associate,Remote,Female,4.0,3,24575704,23598000,1.041,1337939,448893,In Range
EMP0608,Sales,L1 Analyst,Ho Chi Minh City,Female,0.7,3,16636584,20800800,0.8,870242,357765,Review
EMP0609,Operations,L3 Specialist,Ho Chi Minh City,Male,0.2,4,32343968,30302400,1.067,2587408,2058954,In Range
EMP0610,Operations,L4 Senior,Ho Chi Minh City,Female,3.5,3,43784447,39804000,1.1,1637192,1057496,In Range
EMP0611,Operations,L3 Specialist,Ho Chi Minh City,Male,4.9,4,29940863,30302400,0.988,2661694,1691706,In Range
EMP0612,HR,L2 Associate,Ho Chi Minh City,Male,4.6,2,23249213,24610000,0.945,434608,116581,In Range
EMP0613,Finance,L3 Specialist,Ho Chi Minh City,Male,1.8,5,42532728,39140600,1.087,5284822,3025513,In Range
EMP0614,HR,L3 Specialist,Ha Noi,Female,6.5,3,28222120,29500000,0.957,1537383,664469,In Range
EMP0615,Product,L3 Specialist,Da Nang,Female,1.5,3,31611969,36108000,0.875,1810172,646907,Review
EMP0616,HR,L2 Associate,Ho Chi Minh City,Female,3.6,4,19629865,24610000,0.798,1395022,813358,Review
EMP0617,Operations,L1 Analyst,Ho Chi Minh City,Male,0.2,3,19376262,18489600,1.048,1107551,547608,In Range
EMP0618,Finance,L3 Specialist,Ha Noi,Female,4.9,5,37628937,36580000,1.029,5375244,3055799,In Range
EMP0619,HR,L3 Specialist,Da Nang,Female,2.5,4,26359357,26550000,0.993,1972178,1414064,In Range
EMP0620,HR,L3 Specialist,Ho Chi Minh City,Male,1.6,2,32550169,31565000,1.031,631898,375274,In Range
EMP0621,Product,L3 Specialist,Ho Chi Minh City,Male,3.1,4,39580903,42928400,0.922,3235921,1517351,In Range
EMP0622,Operations,L5 Manager,Ho Chi Minh City,Female,3.7,4,58217447,52644000,1.106,4316538,3317767,In Range
EMP0623,Finance,L3 Specialist,Ho Chi Minh City,Female,4.5,4,42229057,39140600,1.079,3745538,2027052,In Range
EMP0624,Sales,L3 Specialist,Da Nang,Female,1.7,5,27657268,28674000,0.965,3354691,2082158,In Range
EMP0625,HR,L3 Specialist,Da Nang,Male,7.0,4,29483886,26550000,1.111,1964934,1872926,In Range
EMP0626,Operations,L4 Senior,Ho Chi Minh City,Female,1.7,3,36961333,39804000,0.929,1809988,707407,In Range
EMP0627,Operations,L1 Analyst,Remote,Female,5.0,5,17764583,16416000,1.082,2291737,1668020,In Range
EMP0628,Engineering,L3 Specialist,Ho Chi Minh City,Female,2.9,3,61026928,53029200,1.151,2877766,1644896,In Range
EMP0629,Product,L3 Specialist,Ha Noi,Female,3.9,3,34381512,40120000,0.857,2015930,1091597,Review
EMP0630,HR,L1 Analyst,Remote,Female,0.6,3,18343372,17100000,1.073,1080712,364285,In Range
EMP0631,Engineering,L3 Specialist,Ho Chi Minh City,Male,2.2,4,49642714,53029200,0.936,4670746,2612137,In Range
EMP0632,Product,L2 Associate,Ho Chi Minh City,Male,1.9,3,40355739,33469600,1.206,1646845,1376398,Review
EMP0633,Operations,L2 Associate,Ho Chi Minh City,Male,4.8,3,20281529,23625600,0.858,1136733,518586,Review
EMP0634,Engineering,L1 Analyst,Da Nang,Female,1.4,3,18892784,27216000,0.694,1024815,355268,Review
EMP0635,Engineering,L2 Associate,Ho Chi Minh City,Male,2.8,5,37724397,41344800,0.912,5355604,3270977,In Range
EMP0636,Operations,L1 Analyst,Ho Chi Minh City,Female,2.8,3,19455941,18489600,1.052,770697,536250,In Range
EMP0637,Product,L2 Associate,Ho Chi Minh City,Female,2.0,3,32925931,33469600,0.984,1910061,819117,In Range
EMP0638,Sales,L1 Analyst,Ho Chi Minh City,Female,6.6,5,20139747,20800800,0.968,2491197,1527103,In Range
EMP0639,HR,L5 Manager,Ha Noi,Female,6.1,4,56327446,51250000,1.099,4825821,3253152,In Range
EMP0640,HR,L1 Analyst,Ha Noi,Female,1.9,3,19162994,18000000,1.065,715010,362862,In Range
EMP0641,Operations,L3 Specialist,Ho Chi Minh City,Male,1.3,3,34405617,30302400,1.135,1587353,1012092,In Range
EMP0642,Product,L3 Specialist,Ho Chi Minh City,Female,3.6,4,52608223,42928400,1.225,3989384,2209258,Review
EMP0643,Finance,L2 Associate,Ho Chi Minh City,Female,1.6,3,37284809,30516400,1.222,1386621,1132470,Review
EMP0644,Sales,L5 Manager,Da Nang,Female,2.6,4,53921176,49815000,1.082,4954971,2252197,In Range
EMP0645,Sales,L1 Analyst,Ho Chi Minh City,Female,7.4,2,15820429,20800800,0.761,186190,97168,Review
EMP0646,HR,L2 Associate,Ha Noi,Male,2.3,4,24058594,23000000,1.046,1839354,1274009,In Range
EMP0647,Product,L4 Senior,Da Nang,Female,4.2,4,46244924,47430000,0.975,3009314,2085289,In Range
EMP0648,HR,L4 Senior,Ho Chi Minh City,Male,3.3,5,36858093,41462500,0.889,4953439,2749918,In Range
EMP0649,Product,L2 Associate,Remote,Female,4.4,4,26030846,29716000,0.876,2370118,1430548,Review
EMP0650,Sales,L3 Specialist,Ho Chi Minh City,Female,1.9,4,34205252,34090200,1.003,2283382,1595038,In Range
EMP0651,Finance,L1 Analyst,Ho Chi Minh City,Female,0.2,3,26688874,23882400,1.118,1127509,720691,In Range
EMP0652,HR,L3 Specialist,Da Nang,Female,6.1,4,29281307,26550000,1.103,2669673,1766371,In Range
EMP0653,Operations,L2 Associate,Ha Noi,Male,5.5,4,23892165,22080000,1.082,1562235,1242168,In Range
EMP0654,Engineering,L2 Associate,Ho Chi Minh City,Male,4.2,3,42926049,41344800,1.038,1704611,1427290,In Range
EMP0655,Operations,L4 Senior,Ha Noi,Female,0.2,3,35029486,37200000,0.942,1629301,676027,In Range
EMP0656,Finance,L4 Senior,Ho Chi Minh City,Female,0.7,5,59336703,51413500,1.154,7706795,5258236,In Range
EMP0657,Engineering,L3 Specialist,Ho Chi Minh City,Male,3.9,3,64356983,53029200,1.214,2617036,1295561,Review
EMP0658,Product,L1 Analyst,Ha Noi,Male,6.4,4,26661451,24480000,1.089,1767001,1090748,In Range
EMP0659,Finance,L3 Specialist,Ho Chi Minh City,Female,3.2,4,40734427,39140600,1.041,3569823,2408383,In Range
EMP0660,HR,L1 Analyst,Remote,Female,2.7,4,17759226,17100000,1.039,1656143,1129795,In Range
EMP0661,Engineering,L1 Analyst,Ha Noi,Male,3.3,3,34557380,30240000,1.143,1708978,630248,In Range
EMP0662,Engineering,L1 Analyst,Ho Chi Minh City,Male,0.2,3,30138801,32356800,0.931,1216112,800828,In Range
EMP0663,Operations,L2 Associate,Ha Noi,Female,4.5,3,21677487,22080000,0.982,964440,469158,In Range
EMP0664,Engineering,L1 Analyst,Remote,Female,4.1,4,28913706,28728000,1.006,1914615,1354871,In Range
EMP0665,Product,L2 Associate,Ha Noi,Female,0.6,5,27176295,31280000,0.869,3112487,2475621,Review
EMP0666,Engineering,L1 Analyst,Da Nang,Female,4.1,4,32693075,27216000,1.201,2607255,1335173,Review
EMP0667,Sales,L3 Specialist,Ho Chi Minh City,Female,0.9,3,37461433,34090200,1.099,1371754,1295361,In Range
EMP0668,Engineering,L3 Specialist,Remote,Female,0.6,4,44715795,47082000,0.95,3863660,2401766,In Range
EMP0669,Engineering,L4 Senior,Ha Noi,Female,0.4,3,64105059,65100000,0.985,3474493,1271628,In Range
EMP0670,Engineering,L2 Associate,Ha Noi,Female,3.4,3,39220670,38640000,1.015,2037619,1354103,In Range
EMP0671,Sales,L3 Specialist,Ho Chi Minh City,Male,3.9,4,34941554,34090200,1.025,3075806,2075659,In Range
EMP0672,Engineering,L3 Specialist,Ho Chi Minh City,Female,0.9,4,61308118,53029200,1.156,4776650,3844225,In Range
EMP0673,Sales,L2 Associate,Ho Chi Minh City,Female,3.0,2,20393389,26578800,0.767,327536,215984,Review
EMP0674,Sales,L1 Analyst,Ha Noi,Female,5.6,4,20771434,19440000,1.068,1646704,1268459,In Range
EMP0675,Sales,L2 Associate,Ho Chi Minh City,Male,0.7,4,21724341,26578800,0.817,1620951,842035,Review
EMP0676,Product,L4 Senior,Ho Chi Minh City,Male,7.8,2,60786187,56389000,1.078,726213,314699,In Range
EMP0677,Engineering,L2 Associate,Ha Noi,Female,2.0,4,29509025,38640000,0.764,1976072,1364280,Review
EMP0678,Engineering,L1 Analyst,Ho Chi Minh City,Female,5.0,5,28075066,32356800,0.868,3632898,2656341,Review
EMP0679,Engineering,L2 Associate,Ha Noi,Male,6.4,3,36896260,38640000,0.955,1755126,1143908,In Range
EMP0680,Engineering,L3 Specialist,Ho Chi Minh City,Female,1.5,3,56174685,53029200,1.059,3146317,1522850,In Range
EMP0681,Engineering,L1 Analyst,Remote,Female,3.7,3,33156257,28728000,1.154,1439676,634730,In Range
EMP0682,Finance,L2 Associate,Ho Chi Minh City,Male,2.4,4,28576551,30516400,0.936,2228608,1502515,In Range
EMP0683,Engineering,L2 Associate,Ha Noi,Female,6.8,4,38115937,38640000,0.986,3281780,2336246,In Range
EMP0684,Sales,L1 Analyst,Remote,Male,0.2,4,19443164,18468000,1.053,1622195,1142601,In Range
EMP0685,Sales,L3 Specialist,Ha Noi,Female,2.4,3,32351472,31860000,1.015,1484438,757578,In Range
EMP0686,Finance,L1 Analyst,Ho Chi Minh City,Female,1.6,4,22653366,23882400,0.949,1881067,1109072,In Range
EMP0687,Product,L1 Analyst,Ho Chi Minh City,Male,1.9,3,23324646,26193600,0.89,1193593,434516,In Range
EMP0688,Engineering,L1 Analyst,Ho Chi Minh City,Male,2.4,4,35479871,32356800,1.097,3332043,1813651,In Range
EMP0689,Product,L4 Senior,Ho Chi Minh City,Male,6.9,5,61532614,56389000,1.091,7271414,5276460,In Range
EMP0690,Product,L5 Manager,Ha Noi,Female,1.9,3,67964747,69700000,0.975,3265634,2181171,In Range
EMP0691,HR,L5 Manager,Ho Chi Minh City,Male,0.2,3,62701675,54837500,1.143,2710728,1751480,In Range
EMP0692,Sales,L3 Specialist,Ho Chi Minh City,Female,5.8,3,38989668,34090200,1.144,1793013,870374,In Range
EMP0693,Sales,L2 Associate,Ho Chi Minh City,Male,2.3,4,29384679,26578800,1.106,2759206,1814348,In Range
EMP0694,HR,L2 Associate,Ha Noi,Male,8.6,4,23871723,23000000,1.038,2154284,1333953,In Range
EMP0695,HR,L3 Specialist,Da Nang,Female,1.5,5,25732812,26550000,0.969,3040145,2314171,In Range
EMP0696,Product,L4 Senior,Da Nang,Female,5.0,5,44630877,47430000,0.941,5033322,3143654,In Range
EMP0697,Finance,L2 Associate,Ho Chi Minh City,Male,5.8,5,28125264,30516400,0.922,3890766,2221046,In Range
EMP0698,Product,L4 Senior,Da Nang,Male,1.1,4,48402760,47430000,1.021,4187883,2985122,In Range
EMP0699,Finance,L4 Senior,Ha Noi,Female,1.5,4,53805764,48050000,1.12,4688288,2703098,In Range
EMP0700,Product,L1 Analyst,Ha Noi,Male,3.5,3,23071559,24480000,0.942,1169899,538335,In Range
EMP0701,Product,L1 Analyst,Ha Noi,Male,4.9,4,20483521,24480000,0.837,1752828,1216749,Review
EMP0702,Engineering,L2 Associate,Ha Noi,Female,1.7,4,30659334,38640000,0.793,2160155,1890532,Review
EMP0703,HR,L4 Senior,Ho Chi Minh City,Male,5.3,5,37605926,41462500,0.907,5465729,3546293,In Range
EMP0704,Engineering,L3 Specialist,Ho Chi Minh City,Female,0.8,3,51888624,53029200,0.978,2293374,1769565,In Range
EMP0705,Product,L3 Specialist,Ho Chi Minh City,Male,0.2,3,44954879,42928400,1.047,2375375,954808,In Range
EMP0706,Finance,L4 Senior,Ho Chi Minh City,Female,6.0,4,59544373,51413500,1.158,5648154,2717612,In Range
EMP0707,Operations,L2 Associate,Ho Chi Minh City,Female,2.8,4,25586248,23625600,1.083,2359560,1227634,In Range
EMP0708,Operations,L2 Associate,Ho Chi Minh City,Female,1.8,4,27204084,23625600,1.151,2350435,1554121,In Range
EMP0709,Operations,L2 Associate,Ho Chi Minh City,Female,2.4,5,25275137,23625600,1.07,3787150,2359730,In Range
EMP0710,HR,L3 Specialist,Ha Noi,Female,3.1,3,34010839,29500000,1.153,1525979,826644,In Range
EMP0711,HR,L3 Specialist,Ha Noi,Female,0.2,5,29323687,29500000,0.994,3125787,2245243,In Range
EMP0712,Sales,L1 Analyst,Ho Chi Minh City,Female,6.2,4,23523278,20800800,1.131,1728673,1450852,In Range
EMP0713,Operations,L4 Senior,Ho Chi Minh City,Female,0.2,5,34143985,39804000,0.858,4718145,2461240,Review
EMP0714,Finance,L3 Specialist,Da Nang,Female,9.4,3,33045519,32922000,1.004,1371574,991411,In Range
EMP0715,Sales,L5 Manager,Remote,Female,3.8,3,48762799,52582500,0.927,2307685,1578903,In Range
EMP0716,Finance,L1 Analyst,Ho Chi Minh City,Male,3.7,4,25328252,23882400,1.061,1853616,1571723,In Range
EMP0717,Sales,L3 Specialist,Remote,Female,1.2,2,28135058,30267000,0.93,780673,10957,In Range
EMP0718,Operations,L3 Specialist,Ho Chi Minh City,Male,0.2,5,31303444,30302400,1.033,3257222,2830735,In Range
EMP0719,Operations,L2 Associate,Remote,Male,2.2,2,24286979,20976000,1.158,704758,118368,In Range
EMP0720,Operations,L3 Specialist,Remote,Male,2.6,3,30958020,26904000,1.151,1333649,586472,In Range
